NU_INSCRICAO,NU_ANO,CO_MUNICIPIO_RESIDENCIA,NO_MUNICIPIO_RESIDENCIA,CO_UF_RESIDENCIA,SG_UF_RESIDENCIA,NU_IDADE,TP_SEXO,TP_ESTADO_CIVIL,TP_COR_RACA,TP_NACIONALIDADE,CO_MUNICIPIO_NASCIMENTO,NO_MUNICIPIO_NASCIMENTO,CO_UF_NASCIMENTO,SG_UF_NASCIMENTO,TP_ST_CONCLUSAO,TP_ANO_CONCLUIU,TP_ESCOLA,TP_ENSINO,IN_TREINEIRO,CO_ESCOLA,CO_MUNICIPIO_ESC,NO_MUNICIPIO_ESC,CO_UF_ESC,SG_UF_ESC,TP_DEPENDENCIA_ADM_ESC,TP_LOCALIZACAO_ESC,TP_SIT_FUNC_ESC,IN_BAIXA_VISAO,IN_CEGUEIRA,IN_SURDEZ,IN_DEFICIENCIA_AUDITIVA,IN_SURDO_CEGUEIRA,IN_DEFICIENCIA_FISICA,IN_DEFICIENCIA_MENTAL,IN_DEFICIT_ATENCAO,IN_DISLEXIA,IN_DISCALCULIA,IN_AUTISMO,IN_VISAO_MONOCULAR,IN_OUTRA_DEF,IN_GESTANTE,IN_LACTANTE,IN_IDOSO,IN_ESTUDA_CLASSE_HOSPITALAR,IN_SEM_RECURSO,IN_BRAILLE,IN_AMPLIADA_24,IN_AMPLIADA_18,IN_LEDOR,IN_ACESSO,IN_TRANSCRICAO,IN_LIBRAS,IN_TEMPO_ADICIONAL,IN_LEITURA_LABIAL,IN_MESA_CADEIRA_RODAS,IN_MESA_CADEIRA_SEPARADA,IN_APOIO_PERNA,IN_GUIA_INTERPRETE,IN_COMPUTADOR,IN_CADEIRA_ESPECIAL,IN_CADEIRA_CANHOTO,IN_CADEIRA_ACOLCHOADA,IN_PROVA_DEITADO,IN_MOBILIARIO_OBESO,IN_LAMINA_OVERLAY,IN_PROTETOR_AURICULAR,IN_MEDIDOR_GLICOSE,IN_MAQUINA_BRAILE,IN_SOROBAN,IN_MARCA_PASSO,IN_SONDA,IN_MEDICAMENTOS,IN_SALA_INDIVIDUAL,IN_SALA_ESPECIAL,IN_SALA_ACOMPANHANTE,IN_MOBILIARIO_ESPECIFICO,IN_MATERIAL_ESPECIFICO,IN_NOME_SOCIAL,CO_MUNICIPIO_PROVA,NO_MUNICIPIO_PROVA,CO_UF_PROVA,SG_UF_PROVA,TP_PRESENCA_CN,TP_PRESENCA_CH,TP_PRESENCA_LC,TP_PRESENCA_MT,CO_PROVA_CN,CO_PROVA_CH,CO_PROVA_LC,CO_PROVA_MT,NU_NOTA_CN,NU_NOTA_CH,NU_NOTA_LC,NU_NOTA_MT,TX_RESPOSTAS_CN,TX_RESPOSTAS_CH,TX_RESPOSTAS_LC,TX_RESPOSTAS_MT,TP_LINGUA,TX_GABARITO_CN,TX_GABARITO_CH,TX_GABARITO_LC,TX_GABARITO_MT,TP_STATUS_REDACAO,NU_NOTA_COMP1,NU_NOTA_COMP2,NU_NOTA_COMP3,NU_NOTA_COMP4,NU_NOTA_COMP5,NU_NOTA_REDACAO,Q001,Q002,Q003,Q004,Q005,Q006,Q007,Q008,Q009,Q010,Q011,Q012,Q013,Q014,Q015,Q016,Q017,Q018,Q019,Q020,Q021,Q022,Q023,Q024,Q025
190005158763,2019,2506004,Esperança,25,PB,18,M,1,3,1,2506004.0,Esperança,25.0,PB,2,0,2,1.0,0,25061720.0,2506004.0,Esperança,25.0,PB,2.0,1.0,1.0,0,0,0,0,0,0,0,0,0,0,0,0,0,0,0,0,0,0,0,0,0,0,0,0,0,0,0,0,0,0,0,0,0,0,0,0,0,0,0,0,0,0,0,0,0,0,0,0,0,0,0,2506004,Esperança,25,PB,1,1,1,1,505.0,510.0,513.0,518.0,500.4,573.7,519.6,451.3,AEDCBEBCDDCCDBBAAEABBDCCCDAAADEBDDECEAEDEDCDE,AEDCAEDBADBEABDBCAADEEDCBCBCEACDCACCAAECEBDCE,99999EAACDBBCCECBACEBCDDBDAADADCADECCCBEBDBCBACCDC,DBACABAEEAADAACACDCBEDEBEACABDDCCBDDCEAEBDDEE,1,DADCCEBBCCACBEEBEEBACBCDDDDADBCBBCEAEADEADAAE,EEBCEEDBADBBCBABCCADCEBACDBBACCACACBEADBBADCB,ADBBEDCABAABBCBCDAAECDDDBAAAECADECDCEBDEEAECBDBBCC,DBEBACABCDBABECEEEDCBDCCEDCDABEDAADDDECACAECB,1.0,120.0,140.0,120.0,120.0,160.0,660.0,C,E,B,B,3,B,A,B,C,A,A,B,A,A,A,B,A,A,B,A,A,B,A,A,A
190005161803,2019,2506004,Esperança,25,PB,17,F,1,3,2,,,,,2,0,2,1.0,0,25061720.0,2506004.0,Esperança,25.0,PB,2.0,1.0,1.0,0,0,0,0,0,0,0,0,0,0,0,0,0,0,0,0,0,0,0,0,0,0,0,0,0,0,0,0,0,0,0,0,0,0,0,0,0,0,0,0,0,0,0,0,0,0,0,0,0,0,0,2506004,Esperança,25,PB,0,0,0,0,,,,,,,,,,,,,1,,,,,,,,,,,,C,C,A,A,7,B,A,B,A,A,A,B,A,A,A,A,A,A,A,A,A,A,A,A,A
190005170907,2019,2506004,Esperança,25,PB,18,M,1,3,1,2506004.0,Esperança,25.0,PB,2,0,2,1.0,0,25061720.0,2506004.0,Esperança,25.0,PB,2.0,1.0,1.0,0,0,0,0,0,0,0,0,0,0,0,0,0,0,0,0,0,0,0,0,0,0,0,0,0,0,0,0,0,0,0,0,0,0,0,0,0,0,0,0,0,0,0,0,0,0,0,0,0,0,0,2506004,Esperança,25,PB,1,1,1,1,506.0,508.0,512.0,517.0,514.9,508.8,458.6,491.2,DACDABDDEBEEBEABCBBBEABEAEABBEDEBBEDCADAEBEEC,CECCADDACAAEACDADADADBBDAACBABBCBBEACABADCAAB,99999EBAABCBCBDEECDDEADAEEDCDACCAAECDDBBCAEAABCCAE,CBDADADABABCDDACACCCADEECCAEABCDCAD*DCECBAEDA,1,DEADBAAAEBEECEBCBCBCBDADAEABCEDDDDADCBEECACBC,CBABADBBCEEEBCBADCBEEDBBEADBBACDBBACCCCADACAC,BBEDABDACACBABAECBBCCADCEBDBBCDDEEAAADDBECDECAAECD,AADDDBEEEBEDDBEBACABCDBABECECACAECDCBDCCEDCDA,1.0,120.0,100.0,80.0,80.0,60.0,440.0,B,B,C,B,2,B,A,B,C,A,A,B,B,B,A,A,A,A,B,A,A,B,A,A,A
190005171146,2019,2506004,Esperança,25,PB,19,M,1,2,1,2506004.0,Esperança,25.0,PB,2,0,2,1.0,0,25061720.0,2506004.0,Esperança,25.0,PB,2.0,1.0,1.0,0,0,0,0,0,0,0,0,0,0,0,0,0,0,0,0,0,0,0,0,0,0,0,0,0,0,0,0,0,0,0,0,0,0,0,0,0,0,0,0,0,0,0,0,0,0,0,0,0,0,0,2506004,Esperança,25,PB,1,1,1,1,504.0,509.0,514.0,516.0,492.8,561.9,534.3,392.8,CBCCEEDAADBDDBDBCEDEAAEEDBCEEACBCDECEBABCBCAC,DAACBBAEABACBDBABACABBACCCAAACEEBACEAAABCAADD,99999ACADABBABCBEDEDDAADAEAEDDCAEEAEBBCAABCEABCAEB,CDEACBBBADCCABCEABEEDDADCDECAABADAABBDCBCADEB,1,BEEAAEBEEBADEADDADAEABCEDDDBCBCBCCACBCDADCCEB,ACACEEBCCBABADBBBACDBBACCCCADCEBADCBEEDBBEADB,EBBADCABDABACBCEBDEEAAADDBECDECDDBADBCDAAECBCCAECB,BEDEEEAADBEBACABCDBABECECACADCBDCCEDCDABECDDD,1.0,120.0,140.0,100.0,160.0,140.0,660.0,H,B,B,A,6,B,A,B,B,A,A,B,A,A,A,A,A,A,B,A,A,B,A,A,A
190005177182,2019,2506004,Esperança,25,PB,20,M,1,1,1,2506004.0,Esperança,25.0,PB,2,0,2,1.0,0,25061720.0,2506004.0,Esperança,25.0,PB,2.0,1.0,1.0,0,0,0,0,0,0,0,0,0,0,0,0,0,0,0,0,0,0,0,0,0,0,0,0,0,0,0,0,0,0,0,0,0,0,0,0,0,0,0,0,0,0,0,0,0,0,0,0,0,0,0,2506004,Esperança,25,PB,1,1,1,1,506.0,510.0,513.0,517.0,357.0,371.7,480.9,424.5,ABEACACDECACBDCDDAACDABBDBDBDABDADECBBEBADBEE,ACDBEBACAAABBCDEBDCADBAABCCBBCDECBEAACACACDBE,99999DEABECAECEBCAECBBBAEAADCCCAEEDBBCDBAEACBEABDB,BCADEAEBABCABDEBBCEDBBADECACDEAEADBCEAABCBACB,1,DEADBAAAEBEECEBCBCBCBDADAEABCEDDDDADCBEECACBC,EEBCEEDBADBBCBABCCADCEBACDBBACCACACBEADBBADCB,ADBBEDCABAABBCBCDAAECDDDBAAAECADECDCEBDEEAECBDBBCC,AADDDBEEEBEDDBEBACABCDBABECECACAECDCBDCCEDCDA,1.0,80.0,120.0,100.0,100.0,80.0,480.0,C,C,F,F,3,B,A,C,C,A,B,B,A,B,A,B,A,A,B,A,A,D,B,B,B
190005180295,2019,2506004,Esperança,25,PB,19,M,1,1,1,2506004.0,Esperança,25.0,PB,2,0,2,1.0,0,25061720.0,2506004.0,Esperança,25.0,PB,2.0,1.0,1.0,0,0,0,0,0,0,0,0,0,0,0,0,0,0,0,0,0,0,0,0,0,0,0,0,0,0,0,0,0,0,0,0,0,0,0,0,0,0,0,0,0,0,0,0,0,0,0,0,0,0,0,2506004,Esperança,25,PB,1,1,1,1,504.0,508.0,512.0,516.0,527.0,580.7,533.9,633.8,EBACAEBBEADDEADACECDDADEBEAEACEDBDAEDBABDBCAB,ABCBABBBCAEEBCBBAABCDEBDAADAADCCAEABCCBABACEB,BCEBA99999ADABCDCCAAAAECDCDBEDCEBBDADDCDEDEECAADCA,BADECBABDEBBAECBBBEBECEEAECADABDADACCBABAEBBC,0,BEEAAEBEEBADEADDADAEABCEDDDBCBCBCCACBCDADCCEB,CBABADBBCEEEBCBADCBEEDBBEADBBACDBBACCCCADACAC,BBEDABDACACBABAECBBCCADCEBDBBCDDEEAAADDBECDECAAECD,BEDEEEAADBEBACABCDBABECECACADCBDCCEDCDABECDDD,1.0,120.0,180.0,140.0,120.0,120.0,680.0,E,E,B,B,9,B,A,B,C,A,A,B,A,B,A,A,A,A,C,A,A,C,A,A,A
190005183382,2019,2506004,Esperança,25,PB,17,M,1,3,1,2506004.0,Esperança,25.0,PB,2,0,2,1.0,0,25061720.0,2506004.0,Esperança,25.0,PB,2.0,1.0,1.0,0,0,0,0,0,0,0,0,0,0,0,0,0,0,0,0,0,0,0,0,0,0,0,0,0,0,0,0,0,0,0,0,0,0,0,0,0,0,0,0,0,0,0,0,0,0,0,0,0,0,0,2506004,Esperança,25,PB,1,1,1,1,505.0,508.0,512.0,518.0,396.4,400.9,495.4,443.2,BCDBCDCBCAEDDADCDADBDDBEACBBDBCACABBDEEADBDDC,DBDBCBADECBBCEDADBCDDDAADCCDBBCDCDCBCDBDBDDBE,99999ADBEDCBABCACBDECCDADBDEAEDBCDAECDCBBCACCBDABC,CECCDDBAECBDEDBBACBBECADBCCADAABAABDBBCDCECDA,1,DADCCEBBCCACBEEBEEBACBCDDDDADBCBBCEAEADEADAAE,CBABADBBCEEEBCBADCBEEDBBEADBBACDBBACCCCADACAC,BBEDABDACACBABAECBBCCADCEBDBBCDDEEAAADDBECDECAAECD,DBEBACABCDBABECEEEDCBDCCEDCDABEDAADDDECACAECB,1.0,100.0,120.0,100.0,120.0,0.0,440.0,B,H,B,A,3,A,A,B,C,A,A,B,A,A,A,A,A,A,B,A,A,A,A,A,A
190005183795,2019,2506004,Esperança,25,PB,32,F,1,2,1,2506004.0,Esperança,25.0,PB,2,0,2,,0,25061720.0,2506004.0,Esperança,25.0,PB,2.0,1.0,1.0,0,0,0,0,0,0,0,0,0,0,0,0,0,0,0,0,0,0,0,0,0,0,0,0,0,0,0,0,0,0,0,0,0,0,0,0,0,0,0,0,0,0,0,0,0,0,0,0,0,0,0,2506004,Esperança,25,PB,0,0,0,0,,,,,,,,,,,,,1,,,,,,,,,,,,B,C,F,B,3,C,A,B,C,A,A,B,A,A,A,B,A,A,B,B,A,C,A,A,A
190002207853,2019,2506004,Esperança,25,PB,18,F,1,3,1,2506004.0,Esperança,25.0,PB,2,0,2,1.0,0,25061720.0,2506004.0,Esperança,25.0,PB,2.0,1.0,1.0,0,0,0,0,0,0,0,0,0,0,0,0,0,0,0,0,0,0,0,0,0,0,0,0,0,0,0,0,0,0,0,0,0,0,0,0,0,0,0,0,0,0,0,0,0,0,0,0,0,0,0,2506004,Esperança,25,PB,1,1,1,1,504.0,509.0,514.0,516.0,359.3,482.9,490.6,467.3,EBCDEEDBEABEBAAABECDDDDECBCEBCDDEEBBDDDECBEDD,CCBBCEBCAADCACAABBCCBECBDCBABBAAADBEABADBAAEA,ABBBB99999ECACBBEAEBDAADADDECEECDAEBECCDCDEECABEAE,BBAEDAEEDEBCACEBDBEBDBBCBABBAACBEBAABEACDEBAB,0,BEEAAEBEEBADEADDADAEABCEDDDBCBCBCCACBCDADCCEB,ACACEEBCCBABADBBBACDBBACCCCADCEBADCBEEDBBEADB,EBBADCABDABACBCEBDEEAAADDBECDECDDBADBCDAAECBCCAECB,BEDEEEAADBEBACABCDBABECECACADCBDCCEDCDABECDDD,1.0,120.0,120.0,120.0,160.0,100.0,620.0,H,B,F,F,5,B,A,B,C,A,B,B,B,A,A,B,A,A,C,B,A,C,A,A,B
190002215729,2019,2506004,Esperança,25,PB,47,F,2,3,1,3301702.0,Duque de Caxias,33.0,RJ,2,0,2,,0,25061720.0,2506004.0,Esperança,25.0,PB,2.0,1.0,1.0,0,0,0,0,0,0,0,0,0,0,0,0,0,0,0,0,0,0,0,0,0,0,0,0,0,0,0,0,0,0,0,0,0,0,0,0,0,0,0,0,0,0,0,0,0,0,0,0,0,0,0,2506004,Esperança,25,PB,1,1,1,1,506.0,508.0,512.0,517.0,488.3,504.8,433.8,378.3,ECCDBCACADEDBACEACEEAEEDDDABACDDBDEDDCBBDECEA,ABADCDDDCACACEABDDECADDDEADDBBEDBDCBCDDAECCBC,99999DDBDBBEDEDDECCBCEEACABEEEAABDAACEAAEABECAEDBA,DECBCCDCBDECCCCCCDCADAADDCABBCEEBAEADCCCDDECC,1,DEADBAAAEBEECEBCBCBCBDADAEABCEDDDDADCBEECACBC,CBABADBBCEEEBCBADCBEEDBBEADBBACDBBACCCCADACAC,BBEDABDACACBABAECBBCCADCEBDBBCDDEEAAADDBECDECAAECD,AADDDBEEEBEDDBEBACABCDBABECECACAECDCBDCCEDCDA,1.0,100.0,40.0,40.0,80.0,0.0,260.0,A,A,A,A,3,A,A,B,B,A,A,B,A,A,A,A,A,A,B,A,A,B,A,A,A
190002215882,2019,2506004,Esperança,25,PB,32,M,1,3,1,2506004.0,Esperança,25.0,PB,2,0,2,,0,25061720.0,2506004.0,Esperança,25.0,PB,2.0,1.0,1.0,0,0,0,0,0,0,0,0,0,0,0,0,0,0,0,0,0,0,0,0,0,0,0,0,0,0,0,0,0,0,0,0,0,0,0,0,0,0,0,0,0,0,0,0,0,0,0,0,0,0,0,2506004,Esperança,25,PB,1,1,1,1,506.0,510.0,513.0,517.0,515.0,472.5,531.9,628.4,DDDDBDAACEEDBCACBDDBEABDDBAAEEDBBCEAECEEAECDC,AEEEAEADCDACDCECEBACABDDCCBEEACEBACACBDBBBECD,99999EADBCABBCBCEDAEDEDDBDCDDCEEBBCCDBBADCDEBDBDCC,AABDCDEEBDACDECBABCAADDDCECADCDDCEACEEECBBDCC,1,DEADBAAAEBEECEBCBCBCBDADAEABCEDDDDADCBEECACBC,EEBCEEDBADBBCBABCCADCEBACDBBACCACACBEADBBADCB,ADBBEDCABAABBCBCDAAECDDDBAAAECADECDCEBDEEAECBDBBCC,AADDDBEEEBEDDBEBACABCDBABECECACAECDCBDCCEDCDA,1.0,120.0,180.0,120.0,120.0,160.0,700.0,C,A,C,B,4,C,A,B,D,B,B,B,A,A,A,A,A,A,B,A,A,B,A,A,B
190002226322,2019,2506004,Esperança,25,PB,18,F,1,4,1,2506004.0,Esperança,25.0,PB,2,0,2,1.0,0,25061720.0,2506004.0,Esperança,25.0,PB,2.0,1.0,1.0,0,0,0,0,0,0,0,0,0,0,0,0,0,0,0,0,0,0,0,0,0,0,0,0,0,0,0,0,0,0,0,0,0,0,0,0,0,0,0,0,0,0,0,0,0,0,0,0,0,0,0,2506004,Esperança,25,PB,1,1,1,1,506.0,509.0,514.0,517.0,398.1,540.3,533.5,459.6,EDCDDDAEEBEDAADCCEBBCADBDDBECECCBDBABABBDEEED,ACECCBCCCBAABDAEDAEABABBCCBAEEACBDBDAEDEBBADC,99999DCEDAAAAECEEBDBDADDCDDBEECEDCEDDEEAAEDECCDECC,EECAABEBCDAEDDBCABACBCEDABCECBBEDDDBDCEEABEBB,1,DEADBAAAEBEECEBCBCBCBDADAEABCEDDDDADCBEECACBC,ACACEEBCCBABADBBBACDBBACCCCADCEBADCBEEDBBEADB,EBBADCABDABACBCEBDEEAAADDBECDECDDBADBCDAAECBCCAECB,AADDDBEEEBEDDBEBACABCDBABECECACAECDCBDCCEDCDA,1.0,160.0,200.0,160.0,160.0,160.0,840.0,B,C,B,B,6,C,A,B,C,A,A,B,A,A,A,B,A,A,B,A,A,D,A,A,B
190006115654,2019,2506004,Esperança,25,PB,18,F,1,1,1,2506004.0,Esperança,25.0,PB,2,0,2,1.0,0,25061720.0,2506004.0,Esperança,25.0,PB,2.0,1.0,1.0,0,0,0,0,0,0,0,0,0,0,0,0,0,0,0,0,0,0,0,0,0,0,0,0,0,0,0,0,0,0,0,0,0,0,0,0,0,0,0,0,0,0,0,0,0,0,0,0,0,0,0,2506004,Esperança,25,PB,1,1,1,1,505.0,508.0,512.0,518.0,376.2,411.5,457.9,416.8,BDECACDCBADEEACAABEBAADADBCBA.EABBAEBDDDCDABE,DBABCBAACACBDBACAAEADEEBBABDDBCDBEEBDBEAEAEBE,99999CDDEBCBDBBBACCACECBEEDABBCEBBDCACABBCBCAACDBE,ABBCADCABADDDCBEBCBABBCDEEDEECBADBCDDBAECBAEC,1,DADCCEBBCCACBEEBEEBACBCDDDDADBCBBCEAEADEADAAE,CBABADBBCEEEBCBADCBEEDBBEADBBACDBBACCCCADACAC,BBEDABDACACBABAECBBCCADCEBDBBCDDEEAAADDBECDECAAECD,DBEBACABCDBABECEEEDCBDCCEDCDABEDAADDDECACAECB,1.0,100.0,120.0,80.0,120.0,120.0,540.0,A,C,A,A,5,B,A,B,C,A,B,B,A,A,A,A,A,A,A,A,A,A,A,A,A
190001456184,2019,2506004,Esperança,25,PB,18,F,1,3,1,2506004.0,Esperança,25.0,PB,2,0,2,1.0,0,25061720.0,2506004.0,Esperança,25.0,PB,2.0,1.0,1.0,0,0,0,0,0,0,0,0,0,0,0,0,0,0,0,0,0,0,0,0,0,0,0,0,0,0,0,0,0,0,0,0,0,0,0,0,0,0,0,0,0,0,0,0,0,0,0,0,0,0,0,2506004,Esperança,25,PB,1,1,1,1,505.0,508.0,512.0,518.0,457.7,471.6,499.5,450.4,BDAACEDABDBCDACDBCEBCEADCAABCBBEDECBBEAEDAEED,EDADBDACEECAADDADBDCCDECECBDBABCDEBBCBDADEDAC,99999EBDEBCCADEBECECADEBCCDAECEACADADDABECBDCADDDB,DADCABDDCAEBCDEBCDAAEEEDBDDEEBCACBCDEBCEADAEB,1,DADCCEBBCCACBEEBEEBACBCDDDDADBCBBCEAEADEADAAE,CBABADBBCEEEBCBADCBEEDBBEADBBACDBBACCCCADACAC,BBEDABDACACBABAECBBCCADCEBDBBCDDEEAAADDBECDECAAECD,DBEBACABCDBABECEEEDCBDCCEDCDABEDAADDDECACAECB,1.0,100.0,120.0,80.0,80.0,60.0,440.0,A,B,A,A,4,B,A,B,C,A,A,B,A,A,A,A,A,A,A,A,A,A,A,A,A
190001458589,2019,2506004,Esperança,25,PB,18,M,1,1,1,2506004.0,Esperança,25.0,PB,2,0,2,1.0,0,25061720.0,2506004.0,Esperança,25.0,PB,2.0,1.0,1.0,0,0,0,0,0,0,0,0,0,0,0,0,0,0,0,0,0,0,0,0,0,0,0,0,0,0,0,0,0,0,0,0,0,0,0,0,0,0,0,0,0,0,0,0,0,0,0,0,0,0,0,2506004,Esperança,25,PB,0,1,1,0,,507.0,511.0,,,449.0,485.4,,,AEACDBAAAADCECBBDADEDADEDEAAABBCAEDDDAABEDABD,99999CAEABDAEBDEDEEBDCECBBBCECCBECCBEBDAADBDECBEEE,,1,,BACCCBABBADCBCEEEBCACACEEDBCCADBEADBADBBBACDB,BDABEABCADBCBAADDBECDAAECDAECBECBCCDEEAAADDBBCDCEB,,4.0,0.0,0.0,0.0,0.0,0.0,0.0,B,C,A,A,4,B,A,B,C,B,A,B,A,A,A,B,A,A,B,A,A,B,A,B,B
190001462758,2019,2506004,Esperança,25,PB,18,F,1,3,1,2506004.0,Esperança,25.0,PB,2,0,2,1.0,0,25061720.0,2506004.0,Esperança,25.0,PB,2.0,1.0,1.0,0,0,0,0,0,0,0,0,0,0,0,0,0,0,0,0,0,0,0,0,0,0,0,0,0,0,0,0,0,0,0,0,0,0,0,0,0,0,0,0,0,0,0,0,0,0,0,0,0,0,0,2506004,Esperança,25,PB,1,1,1,1,506.0,508.0,512.0,517.0,455.1,489.1,519.3,441.6,EAEDCBDCECECCCDDCCCBBCECCDAECEACBBABABBBDECBB,BAAAABBDCDCEBBBBDBDEAABCACBBBBEEBECACEBDCACBD,99999DECCAAEDAEECBEDCEECDBDAEBEBEBAADDCAEAEEDDCDED,EDCCDCEECCADDEDCBCCDCEDCCCCEADBDEEAACCCBCDCEE,1,DEADBAAAEBEECEBCBCBCBDADAEABCEDDDDADCBEECACBC,CBABADBBCEEEBCBADCBEEDBBEADBBACDBBACCCCADACAC,BBEDABDACACBABAECBBCCADCEBDBBCDDEEAAADDBECDECAAECD,AADDDBEEEBEDDBEBACABCDBABECECACAECDCBDCCEDCDA,1.0,120.0,100.0,120.0,120.0,100.0,560.0,E,B,B,B,5,B,A,B,C,A,A,B,A,A,A,B,A,A,B,A,A,D,A,A,B
190001463809,2019,2506004,Esperança,25,PB,17,F,1,4,1,2506004.0,Esperança,25.0,PB,2,0,2,1.0,0,25061720.0,2506004.0,Esperança,25.0,PB,2.0,1.0,1.0,0,0,0,0,0,0,0,0,0,0,0,0,0,0,0,0,0,0,0,0,0,0,0,0,0,0,0,0,0,0,0,0,0,0,0,0,0,0,0,0,0,0,0,0,0,0,0,0,0,0,0,2506004,Esperança,25,PB,1,1,1,1,504.0,508.0,512.0,516.0,388.4,421.8,328.0,437.4,BEDAEDBADCBEDDDCEBDADBEEEBCAECDEABDCCEBBCABAA,CDAEBDEAECDACDDBDBBCECEADEDEBCCEBEDBBDADDEDBC,99999ABEDCECBAECBCBDECBCDCBDAECAABECEACACEEAECBDBA,EADACADEDEDCACEDDAECABCCDBAAAAEDCACEDAEEDECDA,1,BEEAAEBEEBADEADDADAEABCEDDDBCBCBCCACBCDADCCEB,CBABADBBCEEEBCBADCBEEDBBEADBBACDBBACCCCADACAC,BBEDABDACACBABAECBBCCADCEBDBBCDDEEAAADDBECDECAAECD,BEDEEEAADBEBACABCDBABECECACADCBDCCEDCDABECDDD,1.0,120.0,120.0,100.0,120.0,100.0,560.0,B,B,A,A,4,B,A,B,C,A,A,B,A,A,A,A,A,A,B,B,A,B,A,A,B
190001466463,2019,2506004,Esperança,25,PB,17,M,1,3,1,2506004.0,Esperança,25.0,PB,2,0,2,1.0,0,25061720.0,2506004.0,Esperança,25.0,PB,2.0,1.0,1.0,0,0,0,0,0,0,0,0,0,0,0,0,0,0,0,0,0,0,0,0,0,0,0,0,0,0,0,0,0,0,0,0,0,0,0,0,0,0,0,0,0,0,0,0,0,0,0,0,0,0,0,2506004,Esperança,25,PB,1,1,1,1,504.0,507.0,511.0,516.0,589.0,613.2,608.3,585.3,CBCCAEBBEBBDEDDACCDDEBCEDBABEBCACCAEDCEABBCAB,ECBCCBABCADCBCAEEACCCBBBEDDCCADEDEDDADBDBAADB,99999ABCADBCBAADDDECCAAECCEEEBDCCCCDEBDAADBAEBDCDE,EDDDCBADDDBBBDBBCDEBCECDDDBABBADDBABCBBCEEBBC,1,BEEAAEBEEBADEADDADAEABCEDDDBCBCBCCACBCDADCCEB,BACCCBABBADCBCEEEBCACACEEDBCCADBEADBADBBBACDB,BDABEABCADBCBAADDBECDAAECDAECBECBCCDEEAAADDBBCDCEB,BEDEEEAADBEBACABCDBABECECACADCBDCCEDCDABECDDD,1.0,160.0,180.0,160.0,160.0,200.0,860.0,D,D,B,B,3,B,A,B,C,A,A,B,A,A,A,A,A,A,B,A,A,C,A,A,B
190001474466,2019,2506004,Esperança,25,PB,18,F,1,3,1,2506004.0,Esperança,25.0,PB,2,0,2,1.0,0,25061720.0,2506004.0,Esperança,25.0,PB,2.0,1.0,1.0,0,0,0,0,0,0,0,0,0,0,0,0,0,0,0,0,0,0,0,0,0,0,0,0,0,0,0,0,0,0,0,0,0,0,0,0,0,0,0,0,0,0,0,0,0,0,0,0,0,0,0,2506004,Esperança,25,PB,1,1,1,1,504.0,509.0,514.0,516.0,418.3,504.2,504.1,367.2,BECEDDABBBBADEBBAADDEEACBDABBBBACEDCDBBEAEDDE,DEACABCCABACCCECBAEABAEBCBCAACAABDCEABCBEBBBA,99999CEBDBBBABBEABEBACEDBDDBDCCCDACCEEACECCDCCCBAC,BAEBCBEDCCBCBDCEBCDBDDCEAEBBDABBCDACBBEABDCBB,1,BEEAAEBEEBADEADDADAEABCEDDDBCBCBCCACBCDADCCEB,ACACEEBCCBABADBBBACDBBACCCCADCEBADCBEEDBBEADB,EBBADCABDABACBCEBDEEAAADDBECDECDDBADBCDAAECBCCAECB,BEDEEEAADBEBACABCDBABECECACADCBDCCEDCDABECDDD,1.0,80.0,120.0,100.0,80.0,80.0,460.0,B,B,A,B,7,C,A,B,C,A,B,A,A,A,A,A,A,A,B,A,A,A,A,A,A
190001478078,2019,2506004,Esperança,25,PB,18,F,1,3,1,2506004.0,Esperança,25.0,PB,2,0,2,1.0,0,25061720.0,2506004.0,Esperança,25.0,PB,2.0,1.0,1.0,0,0,0,0,0,0,0,0,0,0,0,0,0,0,0,0,0,0,0,0,0,0,0,0,0,0,0,0,0,0,0,0,0,0,0,0,0,0,0,0,0,0,0,0,0,0,0,0,0,0,0,2506004,Esperança,25,PB,1,1,1,1,505.0,509.0,514.0,518.0,440.6,585.3,538.8,488.9,DAABDACCEDBCDEDCBEADBDBDBBABECBBCADADDEDDADDD,ACECEEDECBAAADADEAECBCEEADBABCEABDCDCEDBBABED,99999EABDBBECBCCEEBBDAADCDCEDEABDBBEBCECACEEECABEA,DDACAACBAAECCACDBBDAABEDBECEBCDECACABEBECABEC,1,DADCCEBBCCACBEEBEEBACBCDDDDADBCBBCEAEADEADAAE,ACACEEBCCBABADBBBACDBBACCCCADCEBADCBEEDBBEADB,EBBADCABDABACBCEBDEEAAADDBECDECDDBADBCDAAECBCCAECB,DBEBACABCDBABECEEEDCBDCCEDCDABEDAADDDECACAECB,1.0,120.0,160.0,120.0,140.0,160.0,700.0,C,B,B,A,3,B,A,B,B,A,A,B,A,A,A,A,A,A,B,A,A,B,A,A,B
190001478449,2019,2506004,Esperança,25,PB,17,F,1,1,1,2506004.0,Esperança,25.0,PB,2,0,2,1.0,0,25061720.0,2506004.0,Esperança,25.0,PB,2.0,1.0,1.0,0,0,0,0,0,0,0,0,0,0,0,0,0,0,0,0,0,0,0,0,0,0,0,0,0,0,0,0,0,0,0,0,0,0,0,0,0,0,0,0,0,0,0,0,0,0,0,0,0,0,0,2506004,Esperança,25,PB,1,1,1,1,506.0,508.0,512.0,517.0,458.6,512.5,535.5,585.7,DEEAABDBCCACCACDDCDDAABDCDCEBEDBBCBCCADEBCEDC,DBACADBDBAAAACCBEADACDBBACDDBBEDBEDCEABDDCCAB,BAABD99999CBABDBAEDCCEDBBBACADEDEBDAADBDECBCCAEEED,EDBBEDECAEDBDDDEADCDCDCACEBCBCBCBEBCCBBCACCEA,0,DEADBAAAEBEECEBCBCBCBDADAEABCEDDDDADCBEECACBC,CBABADBBCEEEBCBADCBEEDBBEADBBACDBBACCCCADACAC,BBEDABDACACBABAECBBCCADCEBDBBCDDEEAAADDBECDECAAECD,AADDDBEEEBEDDBEBACABCDBABECECACAECDCBDCCEDCDA,1.0,140.0,180.0,180.0,160.0,120.0,780.0,B,C,A,A,6,A,A,B,C,A,A,B,A,A,A,A,A,A,B,A,A,B,A,A,A
190001481899,2019,2506004,Esperança,25,PB,17,F,1,1,1,2506004.0,Esperança,25.0,PB,2,0,2,1.0,0,25061720.0,2506004.0,Esperança,25.0,PB,2.0,1.0,1.0,0,0,0,0,0,0,0,0,0,0,0,0,0,0,0,0,0,0,0,0,0,0,0,0,0,0,0,0,0,0,0,0,0,0,0,0,0,0,0,0,0,0,0,0,0,0,0,0,0,0,0,2506004,Esperança,25,PB,1,1,1,1,505.0,507.0,511.0,518.0,561.9,558.2,556.8,704.7,BADEEADADCCCBBCBBEECCEBDBCAEEBBDEBEADADECBAED,EEEBDBAACBCCEBEEEDCDDECEBDDEACEBAAEAADBAEAEDB,99999DBEBBBCEBBADEAEDAAECABEECDCACCDEBAADDDAACCBAE,DABBABCACEEACEDECEACDBABEDCEDEADAADDCEDEAADCC,1,DADCCEBBCCACBEEBEEBACBCDDDDADBCBBCEAEADEADAAE,BACCCBABBADCBCEEEBCACACEEDBCCADBEADBADBBBACDB,BDABEABCADBCBAADDBECDAAECDAECBECBCCDEEAAADDBBCDCEB,DBEBACABCDBABECEEEDCBDCCEDCDABEDAADDDECACAECB,1.0,120.0,160.0,140.0,140.0,180.0,740.0,C,D,C,F,5,B,A,B,D,A,A,B,A,A,A,A,A,A,B,A,A,E,A,A,B
190001482273,2019,2506004,Esperança,25,PB,17,F,1,3,1,2506004.0,Esperança,25.0,PB,2,0,2,1.0,0,25061720.0,2506004.0,Esperança,25.0,PB,2.0,1.0,1.0,0,0,0,0,0,0,0,0,0,0,0,0,0,0,0,0,0,0,0,0,0,0,0,0,0,0,0,0,0,0,0,0,0,0,0,0,0,0,0,0,0,0,0,0,0,0,0,0,0,0,0,2506004,Esperança,25,PB,1,1,1,1,503.0,507.0,511.0,515.0,403.2,453.4,496.1,517.2,DDEDDBBADBCACDABAEBBCEDDCACEEDAECCADBBAEACABA,EDCCDAACBACDEDAABDCEDBEADBCEBAECDCEDABACDACDB,99999DEAABECBCCDDAEEDABCECDBACECCAEADBEAADCBEAEABB,DACAEBECADCBEDBEDAEECADEADCEBEAEBDCBEDDEACAAC,1,AAECACDEADCBCDDDBCBDADAEABCEBABEEBCBEECEBDADC,BACCCBABBADCBCEEEBCACACEEDBCCADBEADBADBBBACDB,BDABEABCADBCBAADDBECDAAECDAECBECBCCDEEAAADDBBCDCEB,EEEADBEBACABCDBABECECACDCBDCCEDCDABEDECDDDBAA,1.0,100.0,120.0,120.0,120.0,100.0,560.0,E,E,A,A,4,B,A,B,C,A,A,B,A,A,A,A,A,A,B,A,A,A,A,A,A
190001489463,2019,2506004,Esperança,25,PB,18,F,1,3,1,2506004.0,Esperança,25.0,PB,2,0,2,1.0,0,25061720.0,2506004.0,Esperança,25.0,PB,2.0,1.0,1.0,0,0,0,0,0,0,0,0,0,0,0,0,0,0,0,0,0,0,0,0,0,0,0,0,0,0,0,0,0,0,0,0,0,0,0,0,0,0,0,0,0,0,0,0,0,0,0,0,0,0,0,2506004,Esperança,25,PB,1,1,1,1,505.0,508.0,512.0,518.0,453.4,444.9,427.4,580.3,DACBBCAECCDBEACAECEDDECDDAABDBBDBEEDDEABEBDBA,DEBABAAAEECBDDCBDCDAEBEBBCCABAEBDCDEBCEAAABEC,99999EAECBCBDBDBEECBBEDDCDCAEDEAEBDCBCBBEABCACDDBA,DECCABBEBDEAAEAEEBECEBECAEBEBDDADDCDDBAEBDCCE,1,DADCCEBBCCACBEEBEEBACBCDDDDADBCBBCEAEADEADAAE,CBABADBBCEEEBCBADCBEEDBBEADBBACDBBACCCCADACAC,BBEDABDACACBABAECBBCCADCEBDBBCDDEEAAADDBECDECAAECD,DBEBACABCDBABECEEEDCBDCCEDCDABEDAADDDECACAECB,1.0,120.0,120.0,120.0,120.0,100.0,580.0,A,D,B,B,3,E,A,B,D,A,A,B,A,A,A,A,A,A,B,A,A,B,A,A,A
190001489524,2019,2512705,Remígio,25,PB,19,F,1,1,1,2512705.0,Remígio,25.0,PB,2,0,2,1.0,0,25061720.0,2506004.0,Esperança,25.0,PB,2.0,1.0,1.0,0,0,0,0,0,0,0,0,0,0,0,0,0,0,0,0,0,0,0,0,0,0,0,0,0,0,0,0,0,0,0,0,0,0,0,0,0,0,0,0,0,0,0,0,0,0,0,0,0,0,0,2506004,Esperança,25,PB,1,1,1,1,504.0,509.0,514.0,516.0,400.3,388.1,477.8,372.7,EAAEAAEAEEDBEADDCEBCDEEEAABABDACABDAECBCAADBA,ABCDBCBBEBCDBACBACEABDADACBCBEBADEBAEADABADED,99999EDEEABDABABEAEEEAEDABBACAEBCCABEAEABACABCBABC,ADBCEAEEABACBACEABABEACCEABDECABBDCDBEDCCECDE,1,BEEAAEBEEBADEADDADAEABCEDDDBCBCBCCACBCDADCCEB,ACACEEBCCBABADBBBACDBBACCCCADCEBADCBEEDBBEADB,EBBADCABDABACBCEBDEEAAADDBECDECDDBADBCDAAECBCCAECB,BEDEEEAADBEBACABCDBABECECACADCBDCCEDCDABECDDD,1.0,120.0,60.0,60.0,100.0,0.0,340.0,A,C,F,B,6,B,A,B,D,A,A,B,A,A,A,A,A,A,B,A,A,B,A,A,B
190001502730,2019,2506004,Esperança,25,PB,18,M,1,3,1,2504009.0,Campina Grande,25.0,PB,2,0,2,1.0,0,25061720.0,2506004.0,Esperança,25.0,PB,2.0,1.0,1.0,0,0,0,0,0,0,0,0,0,0,0,0,0,0,0,0,0,0,0,0,0,0,0,0,0,0,0,0,0,0,0,0,0,0,0,0,0,0,0,0,0,0,0,0,0,0,0,0,0,0,0,2506004,Esperança,25,PB,1,1,1,1,505.0,507.0,511.0,518.0,512.5,559.6,561.5,426.6,DCDADAACEDACBDCBCCDDCEADDAAACBEBBAECEBBDCDADD,BCBCAAAACBEAEBECEAEACECAADBECABBEABAADBEECBDB,BDACE99999BDBAEDDCDBDAAECBABCEEAACCEBBDAADCBCCBEEE,CACCABACCCABEBDECABBBBEBAABCAAAACBABCEDABECEA,0,DADCCEBBCCACBEEBEEBACBCDDDDADBCBBCEAEADEADAAE,BACCCBABBADCBCEEEBCACACEEDBCCADBEADBADBBBACDB,BDABEABCADBCBAADDBECDAAECDAECBECBCCDEEAAADDBBCDCEB,DBEBACABCDBABECEEEDCBDCCEDCDABEDAADDDECACAECB,1.0,120.0,180.0,120.0,120.0,160.0,700.0,C,B,A,A,4,B,A,B,C,A,A,B,A,A,A,A,A,A,B,B,A,B,A,A,B
190001511116,2019,2506004,Esperança,25,PB,18,F,1,3,1,2506004.0,Esperança,25.0,PB,2,0,2,1.0,0,25061720.0,2506004.0,Esperança,25.0,PB,2.0,1.0,1.0,0,0,0,0,0,0,0,0,0,0,0,0,0,0,0,0,0,0,0,0,0,0,0,0,0,0,0,0,0,0,0,0,0,0,0,0,0,0,0,0,0,0,0,0,0,0,0,0,0,0,0,2506004,Esperança,25,PB,1,1,1,1,505.0,510.0,513.0,518.0,492.4,549.9,551.8,504.5,DBCCBACDECDECACAAEDBBBEAABAAEBBBEEEEBADBCDEED,AEDCAEDDACBEABAACBABBAEABABAABCCEACEBADBDBECD,99999EAABCABECBDEAEECEDEDAAADCDEEEDBCEDCBEBEDDBCCC,DDCCABACABABADEDCACCACCABEECCDABCABDCCCBEACDC,1,DADCCEBBCCACBEEBEEBACBCDDDDADBCBBCEAEADEADAAE,EEBCEEDBADBBCBABCCADCEBACDBBACCACACBEADBBADCB,ADBBEDCABAABBCBCDAAECDDDBAAAECADECDCEBDEEAECBDBBCC,DBEBACABCDBABECEEEDCBDCCEDCDABEDAADDDECACAECB,1.0,180.0,120.0,140.0,160.0,160.0,760.0,B,B,A,A,4,B,A,B,C,A,A,B,A,A,A,A,A,A,B,B,A,B,A,A,A
190004420750,2019,2506004,Esperança,25,PB,18,F,1,1,1,2506004.0,Esperança,25.0,PB,2,0,2,1.0,0,25061720.0,2506004.0,Esperança,25.0,PB,2.0,1.0,1.0,0,0,0,0,0,0,0,0,0,0,0,0,0,0,0,0,0,0,0,0,0,0,0,0,0,0,0,0,0,0,0,0,0,0,0,0,0,0,0,0,0,0,0,0,0,0,0,0,0,0,0,2506004,Esperança,25,PB,1,1,1,1,505.0,510.0,513.0,518.0,442.4,364.5,514.4,435.1,BBBCBEADCBBEAECEBEDDCBCAECDADECEDDECBAEDACDED,CBCDACDBDBEADACBDBABEADBCCDEDCDCCBCBBDEDEBEBC,99999EABBEBBECBDCACECBDAADADDCBDDCACEECCBDBEEABDCE,AEBCACDCDDDBECCEBAEACEEBDEDBBEDDCEEBCBBEACEEC,1,DADCCEBBCCACBEEBEEBACBCDDDDADBCBBCEAEADEADAAE,EEBCEEDBADBBCBABCCADCEBACDBBACCACACBEADBBADCB,ADBBEDCABAABBCBCDAAECDDDBAAAECADECDCEBDEEAECBDBBCC,DBEBACABCDBABECEEEDCBDCCEDCDABEDAADDDECACAECB,1.0,120.0,120.0,120.0,120.0,140.0,620.0,E,E,A,A,7,B,A,B,C,A,A,A,A,A,A,A,A,A,A,A,A,B,A,A,A
190004420797,2019,2506004,Esperança,25,PB,16,M,1,3,1,2506004.0,Esperança,25.0,PB,2,0,2,1.0,0,25061720.0,2506004.0,Esperança,25.0,PB,2.0,1.0,1.0,0,0,0,0,0,0,0,0,0,0,0,0,0,0,0,0,0,0,0,0,0,0,0,0,0,0,0,0,0,0,0,0,0,0,0,0,0,0,0,0,0,0,0,0,0,0,0,0,0,0,0,2506004,Esperança,25,PB,1,1,1,1,505.0,508.0,512.0,518.0,535.8,518.7,508.0,613.9,CBDADEBEACBCBBAAEEECCDEDBCABDCBEBBECEAEDEBCCE,DBACDDBEADBECCDADBDEADEABDEEBACABECDBEBADBDBD,BBADA99999CDABADECECCABCDEAAACCBEBDABADBDADADCBDAE,DEBCACCDCDABBEDDBEECCBEDBBDCBEBAAAABCBCB.ACEC,0,DADCCEBBCCACBEEBEEBACBCDDDDADBCBBCEAEADEADAAE,CBABADBBCEEEBCBADCBEEDBBEADBBACDBBACCCCADACAC,BBEDABDACACBABAECBBCCADCEBDBBCDDEEAAADDBECDECAAECD,DBEBACABCDBABECEEEDCBDCCEDCDABEDAADDDECACAECB,1.0,100.0,120.0,140.0,120.0,120.0,600.0,E,G,B,D,8,C,A,B,C,A,A,B,A,B,A,A,A,A,B,B,A,B,A,A,A
190004431183,2019,2506004,Esperança,25,PB,17,F,1,1,1,2506004.0,Esperança,25.0,PB,2,0,2,1.0,0,25061720.0,2506004.0,Esperança,25.0,PB,2.0,1.0,1.0,0,0,0,0,0,0,0,0,0,0,0,0,0,0,0,0,0,0,0,0,0,0,0,0,0,0,0,0,0,0,0,0,0,0,0,0,0,0,0,0,0,0,0,0,0,0,0,0,0,0,0,2506004,Esperança,25,PB,1,1,1,1,505.0,510.0,513.0,518.0,507.0,570.9,550.2,575.9,CADBCABCCDBEDABCBBDBDCCDBCABEBDEBCDADBDDADCEA,AECCEDDBABBDABDADCADCEBCEDEDEBCACECBBAECBCBAD,99999DEECBDBCCBCEACECADCBAADECDDDBDCDEDEBDBACDECDC,DDCBADCCDBDAEDDECEBBACECDCCBBABDBBCDECDBCADEC,1,DADCCEBBCCACBEEBEEBACBCDDDDADBCBBCEAEADEADAAE,EEBCEEDBADBBCBABCCADCEBACDBBACCACACBEADBBADCB,ADBBEDCABAABBCBCDAAECDDDBAAAECADECDCEBDEEAECBDBBCC,DBEBACABCDBABECEEEDCBDCCEDCDABEDAADDDECACAECB,1.0,160.0,120.0,140.0,120.0,160.0,700.0,C,D,C,F,5,B,A,B,C,B,A,B,A,A,A,A,A,A,B,B,A,C,A,A,B
190004431270,2019,2506004,Esperança,25,PB,17,F,1,3,1,2506004.0,Esperança,25.0,PB,2,0,2,1.0,0,25061720.0,2506004.0,Esperança,25.0,PB,2.0,1.0,1.0,0,0,0,0,0,0,0,0,0,0,0,0,0,0,0,0,0,0,0,0,0,0,0,0,0,0,0,0,0,0,0,0,0,0,0,0,0,0,0,0,0,0,0,0,0,0,0,0,0,0,0,2506004,Esperança,25,PB,1,1,1,1,503.0,508.0,512.0,515.0,401.4,450.1,566.7,477.0,ADCDBCEDDBBACEDBCADAEABCEBDCDBAABDBDCDCAECABD,ABAAACBEDACADBDABACADCEAAEDBCEADDBCEDCBDEADED,99999CBDCACBABEECBCCCABCBEDEBDCDABBAADBBECDDEAEEED,DABEDBACACCBDCACDAEBACBDCEBDCBBCABDECBECBADCB,1,AAECACDEADCBCDDDBCBDADAEABCEBABEEBCBEECEBDADC,CBABADBBCEEEBCBADCBEEDBBEADBBACDBBACCCCADACAC,BBEDABDACACBABAECBBCCADCEBDBBCDDEEAAADDBECDECAAECD,EEEADBEBACABCDBABECECACDCBDCCEDCDABEDECDDDBAA,1.0,140.0,120.0,140.0,140.0,160.0,700.0,E,E,C,B,4,C,A,B,C,B,A,B,A,A,A,A,A,A,B,B,A,B,A,A,B
190004451624,2019,2506004,Esperança,25,PB,18,M,1,1,1,3550308.0,São Paulo,35.0,SP,2,0,2,,0,25061720.0,2506004.0,Esperança,25.0,PB,2.0,1.0,1.0,0,0,0,0,0,0,0,0,0,0,0,0,0,0,0,0,0,0,0,0,0,0,0,0,0,0,0,0,0,0,0,0,0,0,0,0,0,0,0,0,0,0,0,0,0,0,0,0,0,0,0,2506004,Esperança,25,PB,0,1,1,0,,509.0,514.0,,,363.2,453.4,,,BDBECAEBDABDBCEEABDECAEBEAEAEBCCADAEBBCACEDDD,99999BAEBDBCBCDEAAEDCDABEBACAACEDBDEDDBCAECBDEACAB,,1,,ACACEEBCCBABADBBBACDBBACCCCADCEBADCBEEDBBEADB,EBBADCABDABACBCEBDEEAAADDBECDECDDBADBCDAAECBCCAECB,,1.0,160.0,40.0,40.0,120.0,40.0,400.0,B,B,C,B,5,B,A,B,C,A,B,B,B,A,A,B,A,A,B,B,A,D,A,A,B
190003881653,2019,2506004,Esperança,25,PB,16,F,1,1,1,2506004.0,Esperança,25.0,PB,2,0,2,1.0,0,25061720.0,2506004.0,Esperança,25.0,PB,2.0,1.0,1.0,0,0,0,0,0,0,0,0,0,0,0,0,0,0,0,0,0,0,0,0,0,0,0,0,0,0,0,0,0,0,0,0,0,0,0,0,0,0,0,0,0,0,0,0,0,0,0,0,0,0,0,2506004,Esperança,25,PB,1,1,1,1,506.0,510.0,513.0,517.0,382.4,548.2,555.8,566.9,EDDABBADDCBCADBDCEDBDACABDDACEBCBAEDBBECDBCEC,CECCAEADADBDABAECCDEEEABECBBABDCBACCEEABABCCE,ADBAA99999ABDCADAAEECDDABAADDCCDDEDCAEBEBDECCADBDC,AAECBCECBBEBCABCBBCDDDDBDEAECABEDECBEBEDEACBC,0,DEADBAAAEBEECEBCBCBCBDADAEABCEDDDDADCBEECACBC,EEBCEEDBADBBCBABCCADCEBACDBBACCACACBEADBBADCB,ADBBEDCABAABBCBCDAAECDDDBAAAECADECDCEBDEEAECBDBBCC,AADDDBEEEBEDDBEBACABCDBABECECACAECDCBDCCEDCDA,1.0,120.0,120.0,120.0,140.0,160.0,660.0,C,E,D,D,4,B,A,A,A,A,A,A,A,A,A,A,A,A,A,A,A,A,A,A,A
190003881679,2019,2506004,Esperança,25,PB,18,F,1,3,1,2506004.0,Esperança,25.0,PB,2,0,2,1.0,0,25061720.0,2506004.0,Esperança,25.0,PB,2.0,1.0,1.0,0,0,0,0,0,0,0,0,0,0,0,0,0,0,0,0,0,0,0,0,0,0,0,0,0,0,0,0,0,0,0,0,0,0,0,0,0,0,0,0,0,0,0,0,0,0,0,0,0,0,0,2506004,Esperança,25,PB,1,1,1,1,503.0,509.0,514.0,515.0,412.6,464.8,466.1,409.3,EDDBABBCCCCDEDEDAADAECCDAEDBEDABCDBCDCDAEDACD,ADAECEDAADAEEDAABBDEBDCBCBEDCCCBAABBCBDADCEDE,99999DCCDBCBABBDEAABBEADCAECCEBCDBCCEEEADCCEBAEBDC,DCBBDCDDEBBECCCBCDCBCAABBCDBBCBBDDDACBDCDDECE,1,AAECACDEADCBCDDDBCBDADAEABCEBABEEBCBEECEBDADC,ACACEEBCCBABADBBBACDBBACCCCADCEBADCBEEDBBEADB,EBBADCABDABACBCEBDEEAAADDBECDECDDBADBCDAAECBCCAECB,EEEADBEBACABCDBABECECACDCBDCCEDCDABEDECDDDBAA,1.0,120.0,40.0,40.0,100.0,0.0,300.0,B,B,F,A,3,B,A,B,B,A,A,A,A,A,A,A,A,A,A,A,A,B,A,A,A
190003881749,2019,2506004,Esperança,25,PB,18,M,1,1,1,2506004.0,Esperança,25.0,PB,2,0,2,1.0,0,25061720.0,2506004.0,Esperança,25.0,PB,2.0,1.0,1.0,0,0,0,0,0,0,0,0,0,0,0,0,0,0,0,0,0,0,0,0,0,0,0,0,0,0,0,0,0,0,0,0,0,0,0,0,0,0,0,0,0,0,0,0,0,0,0,0,0,0,0,2506004,Esperança,25,PB,1,1,1,1,506.0,509.0,514.0,517.0,514.9,514.8,485.1,461.5,DDCCBBDCEEADEDDADBBADAEACDBBCEDBEAADBBBEACCCE,CCAECEACDBACAABAABCCAEEBACBDDBACBDCACBBABEBAA,99999ACEEAEBCBDDEDDBDDBDEBEEADCBDBDCECCEEBCCEBEEAC,CBCDCCCBBACAEEACACCBCDEDABCBCBBEDEECCABDEAEDC,1,DEADBAAAEBEECEBCBCBCBDADAEABCEDDDDADCBEECACBC,ACACEEBCCBABADBBBACDBBACCCCADCEBADCBEEDBBEADB,EBBADCABDABACBCEBDEEAAADDBECDECDDBADBCDAAECBCCAECB,AADDDBEEEBEDDBEBACABCDBABECECACAECDCBDCCEDCDA,1.0,120.0,120.0,100.0,120.0,120.0,580.0,B,D,A,A,3,B,A,B,C,B,A,B,A,A,A,A,A,A,B,A,A,B,A,A,B
190003885029,2019,2506004,Esperança,25,PB,19,F,1,2,1,2506004.0,Esperança,25.0,PB,2,0,2,1.0,0,25061720.0,2506004.0,Esperança,25.0,PB,2.0,1.0,1.0,0,0,0,0,0,0,0,0,0,0,0,0,0,0,0,0,0,0,0,0,0,0,0,0,0,0,0,0,0,0,0,0,0,0,0,0,0,0,0,0,0,0,0,0,0,0,0,0,0,0,0,2506004,Esperança,25,PB,0,0,0,0,,,,,,,,,,,,,0,,,,,,,,,,,,A,A,A,B,3,A,A,B,C,A,A,B,A,A,A,A,A,A,B,A,A,B,A,A,A
190003901522,2019,2506004,Esperança,25,PB,18,M,1,3,1,2506004.0,Esperança,25.0,PB,2,0,2,1.0,0,25061720.0,2506004.0,Esperança,25.0,PB,2.0,1.0,1.0,0,0,0,0,0,0,0,0,0,0,0,0,0,0,0,0,0,0,0,0,0,0,0,0,0,0,0,0,0,0,0,0,0,0,0,0,0,0,0,0,0,0,0,0,0,0,0,0,0,0,0,2506004,Esperança,25,PB,1,1,1,1,506.0,507.0,511.0,517.0,602.6,557.4,580.4,572.5,DEADADCAECAEAEBABBBCEADADDAACEDEABABCBAECCCCD,ECBAABACCBDCBCEAEBCECBCADABCBABAAEDEBEBEEAEAB,99999ABAEBBCBAADDEEEDDAECDAECCDCACEAEBAAADDDEDECCE,CABBCCDEEBAADDBCABABABCBCEBEBDDCCECCABBACBDBE,1,DEADBAAAEBEECEBCBCBCBDADAEABCEDDDDADCBEECACBC,BACCCBABBADCBCEEEBCACACEEDBCCADBEADBADBBBACDB,BDABEABCADBCBAADDBECDAAECDAECBECBCCDEEAAADDBBCDCEB,AADDDBEEEBEDDBEBACABCDBABECECACAECDCBDCCEDCDA,1.0,140.0,140.0,140.0,120.0,120.0,660.0,B,B,B,B,5,B,A,B,B,A,A,B,A,A,A,A,A,A,B,A,A,B,A,A,A
190003918097,2019,2506004,Esperança,25,PB,17,F,1,1,1,2506004.0,Esperança,25.0,PB,2,0,2,1.0,0,25061720.0,2506004.0,Esperança,25.0,PB,2.0,1.0,1.0,0,0,0,0,0,0,0,0,0,0,0,0,0,0,0,0,0,0,0,0,0,0,0,0,0,0,0,0,0,0,0,0,0,0,0,0,0,0,0,0,0,0,0,0,0,0,0,0,0,0,0,2506004,Esperança,25,PB,1,1,1,1,503.0,510.0,513.0,515.0,475.8,455.2,515.7,560.1,DBDDBCDDCAADCDACBDBABBADCABDABEEEADAAABAAEBAC,ADEDAEABABDAAACAEBAAEAEACEBEECDECECCBADBABABA,99999EAACDBBDCBACABCCBDBBAAAECBADBCCBEAABCBABDBCBC,EAAEDEBCAECAADEDAEBBADBEACCDBECCCCBAADEBCBDAB,1,AAECACDEADCBCDDDBCBDADAEABCEBABEEBCBEECEBDADC,EEBCEEDBADBBCBABCCADCEBACDBBACCACACBEADBBADCB,ADBBEDCABAABBCBCDAAECDDDBAAAECADECDCEBDEEAECBDBBCC,EEEADBEBACABCDBABECECACDCBDCCEDCDABEDECDDDBAA,1.0,120.0,120.0,120.0,140.0,160.0,660.0,B,B,A,A,4,B,A,B,C,A,A,A,A,A,A,A,A,A,A,A,A,A,A,A,A
190005563633,2019,2506004,Esperança,25,PB,18,M,1,0,1,2506004.0,Esperança,25.0,PB,2,0,2,1.0,0,25061720.0,2506004.0,Esperança,25.0,PB,2.0,1.0,1.0,0,0,0,0,0,0,0,0,0,0,0,0,0,0,0,0,0,0,0,0,0,0,0,0,0,0,0,0,0,0,0,0,0,0,0,0,0,0,0,0,0,0,0,0,0,0,0,0,0,0,0,2506004,Esperança,25,PB,1,1,1,1,506.0,508.0,512.0,517.0,423.1,356.4,409.3,375.0,BDEDCDCDDAEEBEDCEBCDEBCECEDCBEDEDDCCADBBCBEDA,EACDEADABCDACBABDBEEDCACEDECBAABACCDABECEDCBA,BAEED99999EBACDBEECDCECDDEDBAAEBEECCBCADADAECEEDCB,EDCCECEDCDCCBBACBCEDCBACDBCBADADCDBAEBCBAECEC,0,DEADBAAAEBEECEBCBCBCBDADAEABCEDDDDADCBEECACBC,CBABADBBCEEEBCBADCBEEDBBEADBBACDBBACCCCADACAC,BBEDABDACACBABAECBBCCADCEBDBBCDDEEAAADDBECDECAAECD,AADDDBEEEBEDDBEBACABCDBABECECACAECDCBDCCEDCDA,1.0,100.0,100.0,100.0,120.0,0.0,420.0,B,E,A,B,3,C,A,C,C,A,A,B,A,A,A,A,A,A,B,A,A,D,A,A,A
190005578964,2019,2506004,Esperança,25,PB,20,F,1,3,1,2506004.0,Esperança,25.0,PB,2,0,2,1.0,0,25061720.0,2506004.0,Esperança,25.0,PB,2.0,1.0,1.0,0,0,0,0,0,0,0,0,0,0,0,0,0,0,0,0,0,0,0,0,0,0,0,0,0,0,0,0,0,0,0,0,0,0,0,0,0,0,0,0,0,0,0,0,0,0,0,0,0,0,0,2506004,Esperança,25,PB,1,1,1,1,505.0,509.0,514.0,518.0,436.8,429.4,453.0,406.4,BACAAEDDBDECBABEAEDBDCCEECABEECDBADEBBDDCCDBE,DDAECADEEBABACBDBDECECCCABEDBCADBCAADBDCEECEA,BDDDE99999AACCCDCADADDCEEBAEDECBADBAACAEECCCABDDEC,AADCAACACEEEEBABEBEBEDECCEAEABAEBDDACCBBBDBED,0,DADCCEBBCCACBEEBEEBACBCDDDDADBCBBCEAEADEADAAE,ACACEEBCCBABADBBBACDBBACCCCADCEBADCBEEDBBEADB,EBBADCABDABACBCEBDEEAAADDBECDECDDBADBCDAAECBCCAECB,DBEBACABCDBABECEEEDCBDCCEDCDABEDAADDDECACAECB,1.0,120.0,120.0,120.0,120.0,80.0,560.0,E,E,B,B,2,B,A,B,B,A,A,B,B,A,A,A,A,A,B,A,A,C,A,A,B
190005594445,2019,2506004,Esperança,25,PB,17,M,1,3,1,2506004.0,Esperança,25.0,PB,2,0,2,1.0,0,25061720.0,2506004.0,Esperança,25.0,PB,2.0,1.0,1.0,0,0,0,0,0,0,0,0,0,0,0,0,0,0,0,0,0,0,0,0,0,0,0,0,0,0,0,0,0,0,0,0,0,0,0,0,0,0,0,0,0,0,0,0,0,0,0,0,0,0,0,2506004,Esperança,25,PB,1,1,1,1,503.0,509.0,514.0,515.0,576.8,591.9,588.9,611.6,CAECEEDEABDBBDBABACADBCDADBADDABEBDCAECDDDBDC,DCDCAECCABABBDBDCACDBBABDACEBCDABDCBBBEDBAADB,99999AABDABACDADBDEBDABDDABBDECADCAEECCAACCBCCDBAB,EAEADECBABCBCBDBCDBDACEEBDAEEAEBEAAAEAACDDEAC,1,AAECACDEADCBCDDDBCBDADAEABCEBABEEBCBEECEBDADC,ACACEEBCCBABADBBBACDBBACCCCADCEBADCBEEDBBEADB,EBBADCABDABACBCEBDEEAAADDBECDECDDBADBCDAAECBCCAECB,EEEADBEBACABCDBABECECACDCBDCCEDCDABEDECDDDBAA,1.0,120.0,120.0,120.0,120.0,140.0,620.0,H,E,B,F,7,A,A,A,B,A,A,A,A,A,A,A,A,A,B,A,A,A,A,A,A
190002693757,2019,2506004,Esperança,25,PB,17,F,1,3,1,2506004.0,Esperança,25.0,PB,2,0,2,1.0,0,25061720.0,2506004.0,Esperança,25.0,PB,2.0,1.0,1.0,0,0,0,0,0,0,0,0,0,0,0,0,0,0,0,0,0,0,0,0,0,0,0,0,0,0,0,0,0,0,0,0,0,0,0,0,0,0,0,0,0,0,0,0,0,0,0,0,0,0,0,2506004,Esperança,25,PB,1,1,1,1,505.0,507.0,511.0,518.0,463.5,424.3,461.1,442.0,BBACBCBCCADBCDCDDACDCCADBEEBCBBBBADCAACCDBADE,BCBABEABDBDEEEECBDEDDBECBDDDCDCBBCCCBBBABBCAB,99999EDDBACABBDDDACBDCDDDDBEBECADDCCAACAACEBEACBCD,BACBACCBACBBEDCABBEBCCCDCCCCDACDCCBDCAEBBDCEC,1,DADCCEBBCCACBEEBEEBACBCDDDDADBCBBCEAEADEADAAE,BACCCBABBADCBCEEEBCACACEEDBCCADBEADBADBBBACDB,BDABEABCADBCBAADDBECDAAECDAECBECBCCDEEAAADDBBCDCEB,DBEBACABCDBABECEEEDCBDCCEDCDABEDAADDDECACAECB,1.0,100.0,100.0,80.0,100.0,20.0,400.0,B,E,A,A,3,B,A,B,B,A,A,B,A,A,A,A,A,A,A,A,A,A,A,A,A
190002714733,2019,2506004,Esperança,25,PB,66,F,2,1,1,2506004.0,Esperança,25.0,PB,2,0,2,,0,25061720.0,2506004.0,Esperança,25.0,PB,2.0,1.0,1.0,0,0,0,0,0,0,0,0,0,0,0,0,0,0,0,0,0,0,0,0,0,0,0,0,0,0,0,0,0,0,0,0,0,0,0,0,0,0,0,0,0,0,0,0,0,0,0,0,0,0,0,2506004,Esperança,25,PB,1,1,1,1,503.0,509.0,514.0,515.0,402.0,414.8,349.2,494.0,EEEDCEDBDADDABAEAABABECDCABDBACBEEEEADDAAAAAD,ECCEEAEBDAACABDAEABCDAECADEBAACCBABACADABAEDB,DBACB99999ACACBEADABACAEAEDEACEBAEAAAACECDECBACCEE,ACBBDADEADDCDEDAAAEBADAACADADEBDCCDDCDCDCDCDE,0,AAECACDEADCBCDDDBCBDADAEABCEBABEEBCBEECEBDADC,ACACEEBCCBABADBBBACDBBACCCCADCEBADCBEEDBBEADB,EBBADCABDABACBCEBDEEAAADDBECDECDDBADBCDAAECBCCAECB,EEEADBEBACABCDBABECECACDCBDCCEDCDABEDECDDDBAA,1.0,120.0,40.0,40.0,120.0,0.0,320.0,B,A,A,A,2,B,A,B,C,A,A,B,A,B,A,A,A,A,B,A,A,C,A,A,A
190002725213,2019,2506004,Esperança,25,PB,17,F,1,3,1,2506004.0,Esperança,25.0,PB,2,0,2,1.0,0,25061720.0,2506004.0,Esperança,25.0,PB,2.0,1.0,1.0,0,0,0,0,0,0,0,0,0,0,0,0,0,0,0,0,0,0,0,0,0,0,0,0,0,0,0,0,0,0,0,0,0,0,0,0,0,0,0,0,0,0,0,0,0,0,0,0,0,0,0,2506004,Esperança,25,PB,1,1,1,1,503.0,507.0,511.0,515.0,449.7,536.2,506.1,562.0,ADCEBEEDDDBCEDBBCBACEAADABAEBDAEDDABECCABBBBC,EDBCABAAAADBEAECEDCACEDCEDBACBECCACDACBEEDBCB,99999ECEBDCCBCEDDDEEACCECEEAACECEDAECBBAADCBEBECAC,EBCDDECCABCBCDCACCDECEBBACAEBACEBBDEEADBBBCAB,1,AAECACDEADCBCDDDBCBDADAEABCEBABEEBCBEECEBDADC,BACCCBABBADCBCEEEBCACACEEDBCCADBEADBADBBBACDB,BDABEABCADBCBAADDBECDAAECDAECBECBCCDEEAAADDBBCDCEB,EEEADBEBACABCDBABECECACDCBDCCEDCDABEDECDDDBAA,1.0,100.0,140.0,120.0,120.0,120.0,600.0,C,C,C,A,5,D,A,B,C,B,A,B,A,A,A,A,A,A,B,A,A,C,A,A,A
190002728364,2019,2506004,Esperança,25,PB,18,M,1,3,1,2506004.0,Esperança,25.0,PB,2,0,2,1.0,0,25061720.0,2506004.0,Esperança,25.0,PB,2.0,1.0,1.0,0,0,0,0,0,0,0,0,0,0,0,0,0,0,0,0,0,0,0,0,0,0,0,0,0,0,0,0,0,0,0,0,0,0,0,0,0,0,0,0,0,0,0,0,0,0,0,0,0,0,0,2506004,Esperança,25,PB,1,1,1,1,503.0,509.0,514.0,515.0,448.0,347.8,380.6,394.9,ADABDEEDADACBDDAADAEBBAEEBCCBDDBDDEDDDCBCABCD,CABDABAEBEBDBAEBEBDEEDEDECDCEABEAACDADBDBCDEE,99999EEEEBACADDBCACACEAADBDDABCCBACDBACCDEEBBEBCCE,DBADCBBAABDDDADBCDBBEDBAAEEBBEDCEBDABDBABBCCD,1,AAECACDEADCBCDDDBCBDADAEABCEBABEEBCBEECEBDADC,ACACEEBCCBABADBBBACDBBACCCCADCEBADCBEEDBBEADB,EBBADCABDABACBCEBDEEAAADDBECDECDDBADBCDAAECBCCAECB,EEEADBEBACABCDBABECECACDCBDCCEDCDABEDECDDDBAA,1.0,80.0,120.0,100.0,100.0,100.0,500.0,B,C,F,C,5,B,A,B,C,A,A,B,A,A,A,A,A,A,B,A,A,D,A,A,B
190002735380,2019,2506004,Esperança,25,PB,18,M,1,3,2,,,,,2,0,2,1.0,0,25061720.0,2506004.0,Esperança,25.0,PB,2.0,1.0,1.0,0,0,0,0,0,0,0,0,0,0,0,0,0,0,0,0,0,0,0,0,0,0,0,0,0,0,0,0,0,0,0,0,0,0,0,0,0,0,0,0,0,0,0,0,0,0,0,0,0,0,0,2506004,Esperança,25,PB,1,1,1,1,506.0,507.0,511.0,517.0,423.3,509.1,476.4,424.3,DDCACACEEDBECDCBCEABBAEAEBADDEEACDACCABCDEEED,CAACABAACBECECACBBCADBCAADABBAEEEECBCBDAAAEAE,99999CCAACDCEDEDEEEBACAECDAABCEEEAABBDDEADDDAEAE.A,DBACBAACBEAAEEBCABCAADECCDCCDDAADEDACEEDDACBB,1,DEADBAAAEBEECEBCBCBCBDADAEABCEDDDDADCBEECACBC,BACCCBABBADCBCEEEBCACACEEDBCCADBEADBADBBBACDB,BDABEABCADBCBAADDBECDAAECDAECBECBCCDEEAAADDBBCDCEB,AADDDBEEEBEDDBEBACABCDBABECECACAECDCBDCCEDCDA,1.0,120.0,120.0,120.0,120.0,80.0,560.0,D,D,F,F,5,A,A,B,B,A,A,B,A,A,A,A,A,A,B,A,A,C,A,A,A
190002735395,2019,2506004,Esperança,25,PB,17,M,1,2,1,2506004.0,Esperança,25.0,PB,2,0,2,1.0,0,25061720.0,2506004.0,Esperança,25.0,PB,2.0,1.0,1.0,0,0,0,0,0,0,0,0,0,0,0,0,0,0,0,0,0,0,0,0,0,0,0,0,0,0,0,0,0,0,0,0,0,0,0,0,0,0,0,0,0,0,0,0,0,0,0,0,0,0,0,2506004,Esperança,25,PB,1,1,1,1,504.0,507.0,511.0,516.0,532.3,575.0,540.5,505.2,BDCDEDEDEDCDAADAAEADABCEDECBDECDCEDCDDDCEDBDC,BEEAAAAECBCCECEEEECDCCCADDBBBABDAEABADBEECCCB,99999CAEAEDCBEEDDEAEAADECBBEECDCBDCBEBDABDCBBCDEBE,ADAECAABDCDCBBDABDEACCDDAABEAAADCDDBCEBCDDCAC,1,BEEAAEBEEBADEADDADAEABCEDDDBCBCBCCACBCDADCCEB,BACCCBABBADCBCEEEBCACACEEDBCCADBEADBADBBBACDB,BDABEABCADBCBAADDBECDAAECDAECBECBCCDEEAAADDBBCDCEB,BEDEEEAADBEBACABCDBABECECACADCBDCCEDCDABECDDD,1.0,100.0,120.0,120.0,120.0,80.0,540.0,A,A,A,A,6,B,A,B,B,A,A,B,A,A,A,A,A,A,B,A,A,B,A,A,B
190002735411,2019,2506004,Esperança,25,PB,18,F,1,3,1,2506004.0,Esperança,25.0,PB,2,0,2,1.0,0,25061720.0,2506004.0,Esperança,25.0,PB,2.0,1.0,1.0,0,0,0,0,0,0,0,0,0,0,0,0,0,0,0,0,0,0,0,0,0,0,0,0,0,0,0,0,0,0,0,0,0,0,0,0,0,0,0,0,0,0,0,0,0,0,0,0,0,0,0,2506004,Esperança,25,PB,1,1,1,1,506.0,509.0,514.0,517.0,510.8,575.1,549.3,615.1,ADCDDCEDDBACAACBDCBCBABDAAAEBEABEEBDCECECEEDB,ACAEEEBCABACACADEABABCAEADEABCCABDCAAEDBBAEEA,99999ABCDABBCCCDEAEBAADDDDEBDECBDEEDABCAADCCEEAEEC,ABDACCEDBEADDDBBADCEDDEDCECACDDDCCABCDEDECCBE,1,DEADBAAAEBEECEBCBCBCBDADAEABCEDDDDADCBEECACBC,ACACEEBCCBABADBBBACDBBACCCCADCEBADCBEEDBBEADB,EBBADCABDABACBCEBDEEAAADDBECDECDDBADBCDAAECBCCAECB,AADDDBEEEBEDDBEBACABCDBABECECACAECDCBDCCEDCDA,1.0,160.0,120.0,160.0,160.0,140.0,740.0,B,B,A,A,5,B,A,B,C,A,B,B,A,A,A,A,A,A,B,A,A,C,A,A,A
190002742313,2019,2506004,Esperança,25,PB,19,F,1,3,1,2506004.0,Esperança,25.0,PB,2,0,2,,0,25061720.0,2506004.0,Esperança,25.0,PB,2.0,1.0,1.0,0,0,0,0,0,0,0,0,0,0,0,0,0,0,0,0,0,0,0,0,0,0,0,0,0,0,0,0,0,0,0,0,0,0,0,0,0,0,0,0,0,0,0,0,0,0,0,0,0,0,0,2506004,Esperança,25,PB,1,1,1,1,506.0,507.0,511.0,517.0,356.5,499.1,494.1,364.1,EACACCDEBBB.DCACCAADAADECDCACEBBAAEBBCADBBCBE,CBBCABABCADBDBADEBAACABCCDDAABCBAADADBAADBBCA,99999EAAABBCBDBCADDBBABAEACCECDCABCAEBBACDABACABDB,BDCBDCBAAECABBACDABABAECCBACAABDAEBAABDCBCAAB,1,DEADBAAAEBEECEBCBCBCBDADAEABCEDDDDADCBEECACBC,BACCCBABBADCBCEEEBCACACEEDBCCADBEADBADBBBACDB,BDABEABCADBCBAADDBECDAAECDAECBECBCCDEEAAADDBBCDCEB,AADDDBEEEBEDDBEBACABCDBABECECACAECDCBDCCEDCDA,1.0,100.0,120.0,120.0,120.0,100.0,560.0,B,C,B,B,6,B,B,C,C,A,A,B,A,A,A,A,A,A,B,A,A,C,A,A,B
190002753430,2019,2506004,Esperança,25,PB,20,M,1,3,1,2506004.0,Esperança,25.0,PB,2,0,2,,0,25061720.0,2506004.0,Esperança,25.0,PB,2.0,1.0,1.0,0,0,0,0,0,0,0,0,0,0,0,0,0,0,0,0,0,0,0,0,0,0,0,0,0,0,0,0,0,0,0,0,0,0,0,0,0,0,0,0,0,0,0,0,0,0,0,0,0,0,0,2506004,Esperança,25,PB,0,0,0,0,,,,,,,,,,,,,1,,,,,,,,,,,,D,B,C,B,6,B,A,B,C,A,A,B,A,A,A,A,A,A,B,B,A,B,A,B,B
190002764655,2019,2506004,Esperança,25,PB,18,M,1,2,1,2506004.0,Esperança,25.0,PB,2,0,2,1.0,0,25061720.0,2506004.0,Esperança,25.0,PB,2.0,1.0,1.0,0,0,0,0,0,0,0,0,0,0,0,0,0,0,0,0,0,0,0,0,0,0,0,0,0,0,0,0,0,0,0,0,0,0,0,0,0,0,0,0,0,0,0,0,0,0,0,0,0,0,0,2506004,Esperança,25,PB,1,1,1,1,505.0,508.0,512.0,518.0,563.7,549.9,576.4,573.4,DCDBBADDBCDECBCAEEABCCBDEAABDDACADCEEADEAECCE,ABACBDADCAAEBBCADCABCDDDACADEACBBECCCEDAEBCAC,99999BEAEACBEBDECCDECABCEEDBECACEBAAEDCEECBECBADED,CCCBABCBCDEBAECACCCBABEBEDCECADCADCBCCAECEBDC,1,DADCCEBBCCACBEEBEEBACBCDDDDADBCBBCEAEADEADAAE,CBABADBBCEEEBCBADCBEEDBBEADBBACDBBACCCCADACAC,BBEDABDACACBABAECBBCCADCEBDBBCDDEEAAADDBECDECAAECD,DBEBACABCDBABECEEEDCBDCCEDCDABEDAADDDECACAECB,1.0,120.0,120.0,100.0,120.0,120.0,580.0,E,E,D,D,4,A,A,B,C,A,A,A,A,A,A,A,A,A,B,A,A,A,A,A,A
190002767354,2019,2506004,Esperança,25,PB,17,F,1,3,1,2506004.0,Esperança,25.0,PB,2,0,2,1.0,0,25061720.0,2506004.0,Esperança,25.0,PB,2.0,1.0,1.0,0,0,0,0,0,0,0,0,0,0,0,0,0,0,0,0,0,0,0,0,0,0,0,0,0,0,0,0,0,0,0,0,0,0,0,0,0,0,0,0,0,0,0,0,0,0,0,0,0,0,0,2506004,Esperança,25,PB,1,1,1,1,503.0,509.0,514.0,515.0,533.2,539.0,566.2,550.2,AEDCBCDECBBACDBBDBBACCBAABDECBBBEDCEDCCCDCBCE,DCECCBACAAAAACBDBACDEECEABCCDCECBEDADEDBBAEBA,99999CBBEABDCEABADEBDAADEBECAECBDBBEBEBACDEACCCECE,ACDADDBCABCBCDDCBCDCDDBBCBCEDDCCDBBBEBECBCBCE,1,AAECACDEADCBCDDDBCBDADAEABCEBABEEBCBEECEBDADC,ACACEEBCCBABADBBBACDBBACCCCADCEBADCBEEDBBEADB,EBBADCABDABACBCEBDEEAAADDBECDECDDBADBCDAAECBCCAECB,EEEADBEBACABCDBABECECACDCBDCCEDCDABEDECDDDBAA,1.0,140.0,120.0,140.0,140.0,140.0,680.0,B,B,F,F,4,B,A,B,A,A,A,A,A,A,A,A,A,A,A,A,A,B,A,A,B
190002778042,2019,2506004,Esperança,25,PB,18,M,1,3,1,2504009.0,Campina Grande,25.0,PB,2,0,2,1.0,0,25061720.0,2506004.0,Esperança,25.0,PB,2.0,1.0,1.0,0,0,0,0,0,0,0,0,0,0,0,0,0,0,0,0,0,0,0,0,0,0,0,0,0,0,0,0,0,0,0,0,0,0,0,0,0,0,0,0,0,0,0,0,0,0,0,0,0,0,0,2506004,Esperança,25,PB,1,1,1,1,503.0,507.0,511.0,515.0,404.8,438.3,483.3,472.9,BCDDBDBEDBBBADBDAEECCBCDCCCDEBAEBCABECCECBDBA,DCBADAABCAABABAEBACCAADCBBEECAACBCECAAABADBCA,99999CBDECEEBDCDAEDEDEDECEDBEACEEDEBACAADDADADCCBE,EABCADAEADCDCDEBCBAEDCBBBDACAEBBACBCDDAEBCCDB,1,AAECACDEADCBCDDDBCBDADAEABCEBABEEBCBEECEBDADC,BACCCBABBADCBCEEEBCACACEEDBCCADBEADBADBBBACDB,BDABEABCADBCBAADDBECDAAECDAECBECBCCDEEAAADDBBCDCEB,EEEADBEBACABCDBABECECACDCBDCCEDCDABEDECDDDBAA,1.0,160.0,160.0,140.0,180.0,120.0,760.0,E,E,B,B,4,B,A,B,C,A,A,B,A,A,A,A,A,A,B,A,A,B,A,A,B
190002778497,2019,2506004,Esperança,25,PB,18,M,1,3,1,2506004.0,Esperança,25.0,PB,2,0,2,1.0,0,25061720.0,2506004.0,Esperança,25.0,PB,2.0,1.0,1.0,0,0,0,0,0,0,0,0,0,0,0,0,0,0,0,0,0,0,0,0,0,0,0,0,0,0,0,0,0,0,0,0,0,0,0,0,0,0,0,0,0,0,0,0,0,0,0,0,0,0,0,2506004,Esperança,25,PB,1,1,1,1,503.0,508.0,512.0,515.0,601.9,556.0,568.5,685.7,AAEDACEEADCACDEABBBACAADABEECBADEDBC.BCCBDBDC,ABAEADBBCCEBBCDBACDCAACADADADAACDEAECABDABBAC,BBEDA99999ECADCEBCBCBADADEEBECADCBDEADDBECADCBAACD,ECBADDEBAACACDBACECCBDDBCBCECABBEBBAEAABACBEA,0,AAECACDEADCBCDDDBCBDADAEABCEBABEEBCBEECEBDADC,CBABADBBCEEEBCBADCBEEDBBEADBBACDBBACCCCADACAC,BBEDABDACACBABAECBBCCADCEBDBBCDDEEAAADDBECDECAAECD,EEEADBEBACABCDBABECECACDCBDCCEDCDABEDECDDDBAA,1.0,120.0,140.0,160.0,180.0,100.0,700.0,E,E,C,B,5,C,A,B,B,A,A,B,A,A,A,A,A,A,B,A,A,B,A,A,A
190002781750,2019,2506004,Esperança,25,PB,18,F,1,1,1,2506004.0,Esperança,25.0,PB,2,0,2,1.0,0,25061720.0,2506004.0,Esperança,25.0,PB,2.0,1.0,1.0,0,0,0,0,0,0,0,0,0,0,0,0,0,0,0,0,0,0,0,0,0,0,0,0,0,0,0,0,0,0,0,0,0,0,0,0,0,0,0,0,0,0,0,0,0,0,0,0,0,0,0,2506004,Esperança,25,PB,1,1,1,1,505.0,507.0,511.0,518.0,496.8,517.0,547.1,582.9,ADACDACBCDBCCACBBDAECDCADBBDDDCDBCCEDADEEDCDD,DDBCAAAECBCCEBEAEACADBCEBADDDDCBEDDEADAEBDEAB,99999CBAABCCBABBCBEBEADECACECEDCCDCEEBEAADCEDDCCEB,DCCBCACDBDACCCCCCCAECDEBECBBADAEABCDDECEDBCDB,1,DADCCEBBCCACBEEBEEBACBCDDDDADBCBBCEAEADEADAAE,BACCCBABBADCBCEEEBCACACEEDBCCADBEADBADBBBACDB,BDABEABCADBCBAADDBECDAAECDAECBECBCCDEEAAADDBBCDCEB,DBEBACABCDBABECEEEDCBDCCEDCDABEDAADDDECACAECB,1.0,120.0,120.0,120.0,120.0,120.0,600.0,H,D,F,C,3,B,A,B,B,A,A,B,A,A,A,A,A,A,B,A,A,C,A,B,B
190002792412,2019,2506004,Esperança,25,PB,18,F,1,1,2,,,,,2,0,2,1.0,0,25061720.0,2506004.0,Esperança,25.0,PB,2.0,1.0,1.0,0,0,0,0,0,0,0,0,0,0,0,0,0,0,0,0,0,0,0,0,0,0,0,0,0,0,0,0,0,0,0,0,0,0,0,0,0,0,0,0,0,0,0,0,0,0,0,0,0,0,0,2506004,Esperança,25,PB,1,1,1,1,505.0,509.0,514.0,518.0,445.4,466.3,468.0,431.6,CCCBCEDCCDCEEDCADCDCDBCDACABCCDBBACADAEDBBACC,ACAECDBCCAABAAEADADDCACCADBEAABBDAEECACADAADD,99999ACDBBEBBBBEBCCBDAADAEDBDEDBDAABBDEDDCECEBCBEE,DCDCDDCDBCAEBDCBEBBACCACAECEBDAEABBDBADAEECDA,1,DADCCEBBCCACBEEBEEBACBCDDDDADBCBBCEAEADEADAAE,ACACEEBCCBABADBBBACDBBACCCCADCEBADCBEEDBBEADB,EBBADCABDABACBCEBDEEAAADDBECDECDDBADBCDAAECBCCAECB,DBEBACABCDBABECEEEDCBDCCEDCDABEDAADDDECACAECB,1.0,140.0,160.0,120.0,140.0,140.0,700.0,C,D,B,B,7,B,A,B,C,A,A,B,A,A,A,A,A,A,B,B,A,C,A,B,B
190002799793,2019,2506004,Esperança,25,PB,17,F,1,0,1,2506004.0,Esperança,25.0,PB,2,0,2,,0,25061720.0,2506004.0,Esperança,25.0,PB,2.0,1.0,1.0,0,0,0,0,0,0,0,0,0,0,0,0,0,0,0,0,0,0,0,0,0,0,0,0,0,0,0,0,0,0,0,0,0,0,0,0,0,0,0,0,0,0,0,0,0,0,0,0,0,0,0,2506004,Esperança,25,PB,1,1,1,1,504.0,509.0,514.0,516.0,447.4,373.2,497.9,443.9,CACADDCAEABBDCAABDBECDBCDACBCDCDBDEACBBCCAACD,CDBECBDDDBACAADABBEBBCCAADCDBEDAACDDAACECCEEA,99999ADEEAEDCCABEBEBCBCDDEACDEBEDEBDEECDCDAEBCDCCB,DEDABCCCDDBCBDCDCEDAEDEAECCEDACCBBCEECCECAEBE,1,BEEAAEBEEBADEADDADAEABCEDDDBCBCBCCACBCDADCCEB,ACACEEBCCBABADBBBACDBBACCCCADCEBADCBEEDBBEADB,EBBADCABDABACBCEBDEEAAADDBECDECDDBADBCDAAECBCCAECB,BEDEEEAADBEBACABCDBABECECACADCBDCCEDCDABECDDD,4.0,0.0,0.0,0.0,0.0,0.0,0.0,C,C,A,A,4,A,A,B,C,A,A,B,A,A,A,A,A,A,B,A,A,B,A,A,B
190002803341,2019,2506004,Esperança,25,PB,19,F,1,1,1,2506004.0,Esperança,25.0,PB,2,0,2,1.0,0,25061720.0,2506004.0,Esperança,25.0,PB,2.0,1.0,1.0,0,0,0,0,0,0,0,0,0,0,0,0,0,0,0,0,0,0,0,0,0,0,0,0,0,0,0,0,0,0,0,0,0,0,0,0,0,0,0,0,0,0,0,0,0,0,0,0,0,0,0,2506004,Esperança,25,PB,1,1,1,1,504.0,509.0,514.0,516.0,510.0,489.9,516.3,586.1,CDCCDEBABBCADCDEBDBDCBAADEBBDEDABCCEEBCDDCCDB,DEBEECBCABDAEBBBEBBEDEAACDCEBABBADCAABDACCEEB,99999DBCEADDCBDBECCBDADDCDEEBECEDBAEBBEADDACBCEECC,EEBBEBCBBDACADAECDEADCBEEDCADCCECAEDCBBCDEBBD,1,BEEAAEBEEBADEADDADAEABCEDDDBCBCBCCACBCDADCCEB,ACACEEBCCBABADBBBACDBBACCCCADCEBADCBEEDBBEADB,EBBADCABDABACBCEBDEEAAADDBECDECDDBADBCDAAECBCCAECB,BEDEEEAADBEBACABCDBABECECACADCBDCCEDCDABECDDD,1.0,160.0,120.0,160.0,140.0,160.0,740.0,C,D,C,B,4,B,A,B,C,A,A,B,A,A,A,A,A,A,B,A,A,B,A,A,A
190005013069,2019,2506004,Esperança,25,PB,18,F,0,1,1,2506004.0,Esperança,25.0,PB,2,0,2,1.0,0,25061720.0,2506004.0,Esperança,25.0,PB,2.0,1.0,1.0,0,0,0,0,0,0,0,0,0,0,0,0,0,0,0,0,0,0,0,0,0,0,0,0,0,0,0,0,0,0,0,0,0,0,0,0,0,0,0,0,0,0,0,0,0,0,0,0,0,0,0,2506004,Esperança,25,PB,0,1,1,0,,507.0,511.0,,,327.4,493.9,,,DBEADABBBECDEECAADDACBEDCECBCDBCBEEECAAAECCEA,99999DEDCDCDBDCDAAEBAAEECBCCEEBCCECACBEAEDEBCACEDC,,1,,BACCCBABBADCBCEEEBCACACEEDBCCADBEADBADBBBACDB,BDABEABCADBCBAADDBECDAAECDAECBECBCCDEEAAADDBBCDCEB,,1.0,120.0,120.0,80.0,80.0,100.0,500.0,B,C,C,B,4,B,A,B,B,A,A,A,A,A,A,A,A,A,A,A,A,B,A,A,A
190005013110,2019,2506004,Esperança,25,PB,17,F,1,3,1,2506004.0,Esperança,25.0,PB,2,0,2,1.0,0,25061720.0,2506004.0,Esperança,25.0,PB,2.0,1.0,1.0,0,0,0,0,0,0,0,0,0,0,0,0,0,0,0,0,0,0,0,0,0,0,0,0,0,0,0,0,0,0,0,0,0,0,0,0,0,0,0,0,0,0,0,0,0,0,0,0,0,0,0,2506004,Esperança,25,PB,1,1,1,1,505.0,508.0,512.0,518.0,548.7,593.1,575.7,541.1,BADCAAABABDCBBDCCEABCBCDBCAEBBBABAEEDADDCDCEE,DBABADECDDAEBCCADCEBBABBDCDBDABDBEEECCCABCDAC,99999BEDABCBABAECBEECECCDCDBBDCDEBDACDBBECDCCABEED,DEBBAECABBECCDDACBCBABECAEDBBCBDAABBCADCEDEDC,1,DADCCEBBCCACBEEBEEBACBCDDDDADBCBBCEAEADEADAAE,CBABADBBCEEEBCBADCBEEDBBEADBBACDBBACCCCADACAC,BBEDABDACACBABAECBBCCADCEBDBBCDDEEAAADDBECDECAAECD,DBEBACABCDBABECEEEDCBDCCEDCDABEDAADDDECACAECB,1.0,120.0,120.0,160.0,160.0,180.0,740.0,H,B,A,A,4,B,A,B,C,A,A,B,A,A,A,A,A,A,B,B,A,C,A,A,A
190005013467,2019,2506004,Esperança,25,PB,18,F,1,5,1,2506004.0,Esperança,25.0,PB,2,0,2,1.0,0,25061720.0,2506004.0,Esperança,25.0,PB,2.0,1.0,1.0,0,0,0,0,0,0,0,0,0,0,0,0,0,0,0,0,0,0,0,0,0,0,0,0,0,0,0,0,0,0,0,0,0,0,0,0,0,0,0,0,0,0,0,0,0,0,0,0,0,0,0,2506004,Esperança,25,PB,1,1,1,1,505.0,510.0,513.0,518.0,441.5,488.6,484.6,422.2,CBBCAACCCEBCEBCBDDBBCDEBBBACAABBDBEDEDDACDEED,CEEDCBDBADDAABDCACEBEADCCEBECECDCEECEEBBAABBD,99999BADCCCCBCEBCEDEBBDEBCABEECDDEDCEBEBBECACCBCBC,DCCCBDECABEDECDBABACCBEBABEBCDAABEECDECECBEEC,1,DADCCEBBCCACBEEBEEBACBCDDDDADBCBBCEAEADEADAAE,EEBCEEDBADBBCBABCCADCEBACDBBACCACACBEADBBADCB,ADBBEDCABAABBCBCDAAECDDDBAAAECADECDCEBDEEAECBDBBCC,DBEBACABCDBABECEEEDCBDCCEDCDABEDAADDDECACAECB,1.0,120.0,160.0,120.0,80.0,80.0,560.0,C,C,A,A,4,B,A,B,C,B,A,B,A,B,A,A,A,A,B,B,A,C,A,A,B
190005039171,2019,2506004,Esperança,25,PB,17,M,1,3,1,2506004.0,Esperança,25.0,PB,2,0,2,1.0,0,25061720.0,2506004.0,Esperança,25.0,PB,2.0,1.0,1.0,0,0,0,0,0,0,0,0,0,0,0,0,0,0,0,0,0,0,0,0,0,0,0,0,0,0,0,0,0,0,0,0,0,0,0,0,0,0,0,0,0,0,0,0,0,0,0,0,0,0,0,2506004,Esperança,25,PB,0,0,0,0,,,,,,,,,,,,,1,,,,,,,,,,,,C,C,A,A,4,A,A,B,D,A,A,B,A,A,A,A,A,A,C,B,A,B,A,A,A
190005052168,2019,2506004,Esperança,25,PB,17,M,1,1,1,2506004.0,Esperança,25.0,PB,2,0,2,1.0,0,25061720.0,2506004.0,Esperança,25.0,PB,2.0,1.0,1.0,0,0,0,0,0,0,0,0,0,0,0,0,0,0,0,0,0,0,0,0,0,0,0,0,0,0,0,0,0,0,0,0,0,0,0,0,0,0,0,0,0,0,0,0,0,0,0,0,0,0,0,2506004,Esperança,25,PB,1,1,1,1,503.0,509.0,514.0,515.0,361.6,471.2,520.0,458.5,DEEDBEDDDEBCEECADDBEAACACDEEABAEAEDDBDBDADCEA,DCABABACCBBCBBBEAACABEBECBBDCCBBBDAECABCBACCB,99999EBCEAAACBCCBDDBEADDBBEDCEBCDEADBAEBCECCEADACA,EBBCDCCEDBCDACECCDBCCAACADBACAABCECAADCABEBAB,1,AAECACDEADCBCDDDBCBDADAEABCEBABEEBCBEECEBDADC,ACACEEBCCBABADBBBACDBBACCCCADCEBADCBEEDBBEADB,EBBADCABDABACBCEBDEEAAADDBECDECDDBADBCDAAECBCCAECB,EEEADBEBACABCDBABECECACDCBDCCEDCDABEDECDDDBAA,1.0,120.0,120.0,100.0,100.0,120.0,560.0,B,C,A,A,4,B,A,B,C,A,A,A,A,A,A,A,A,A,A,A,A,B,A,A,A
190003738521,2019,2506004,Esperança,25,PB,17,M,1,3,1,2506004.0,Esperança,25.0,PB,2,0,2,1.0,0,25061720.0,2506004.0,Esperança,25.0,PB,2.0,1.0,1.0,0,0,0,0,0,0,0,0,0,0,0,0,0,0,0,0,0,0,0,0,0,0,0,0,0,0,0,0,0,0,0,0,0,0,0,0,0,0,0,0,0,0,0,0,0,0,0,0,0,0,0,2506004,Esperança,25,PB,1,1,1,1,506.0,507.0,511.0,517.0,543.0,463.3,522.0,535.4,DEDDCDCADEDACADCABBBEADDADABAEBAABEDBCDEDAADE,DEDAAAAEDAAAEBCEBADBBACBCDBDAACCBBDBCCBDABCDB,99999DCEADBCACEEDEECEACECCDEBDAAADCBEBEABDBDABCDCA,DBEAAEEABAABDEDCAEBCADBACCBBAEEDBECDABEBABEEA,1,DEADBAAAEBEECEBCBCBCBDADAEABCEDDDDADCBEECACBC,BACCCBABBADCBCEEEBCACACEEDBCCADBEADBADBBBACDB,BDABEABCADBCBAADDBECDAAECDAECBECBCCDEEAAADDBBCDCEB,AADDDBEEEBEDDBEBACABCDBABECECACAECDCBDCCEDCDA,1.0,120.0,140.0,120.0,140.0,100.0,620.0,B,B,A,A,5,B,A,B,C,A,A,A,A,A,A,B,A,A,B,A,A,B,A,A,A
190003738785,2019,2506004,Esperança,25,PB,17,M,1,3,1,2506004.0,Esperança,25.0,PB,2,0,2,1.0,0,25061720.0,2506004.0,Esperança,25.0,PB,2.0,1.0,1.0,0,0,0,0,0,0,0,0,0,0,0,0,0,0,0,0,0,0,0,0,0,0,0,0,0,0,0,0,0,0,0,0,0,0,0,0,0,0,0,0,0,0,0,0,0,0,0,0,0,0,0,2506004,Esperança,25,PB,1,1,1,1,506.0,509.0,514.0,517.0,522.4,490.5,473.7,516.9,EEADEBECDBECCACBCBBBBABAEEACBECBBBCECDEEDDCDA,AABBAEDCDACCCBBBDABEBEABCCEDCBDCABBECCDBDEBBE,99999DDDEBBAADCAACCBDCADAADAAECBACDDCCBCDDCCBBBDDE,AECBDDECEAADDBCADCCADDDBDCCCBBBCBECADCEBCACBD,1,DEADBAAAEBEECEBCBCBCBDADAEABCEDDDDADCBEECACBC,ACACEEBCCBABADBBBACDBBACCCCADCEBADCBEEDBBEADB,EBBADCABDABACBCEBDEEAAADDBECDECDDBADBCDAAECBCCAECB,AADDDBEEEBEDDBEBACABCDBABECECACAECDCBDCCEDCDA,1.0,100.0,120.0,120.0,120.0,60.0,520.0,C,D,B,B,3,B,A,B,C,B,B,B,A,A,A,B,A,A,C,B,A,B,A,B,B
